Metric,Value
Caffeine,19.1985678
Carbohydrates,13.84614792
Cholesterol,4.548698458
Protein,12.53516988
Sugar,68.64191889
Total Fat,7.053884497